,c_id,className,ReadingEase,ReadingEase(NL),CodeElementRatio,QuestionRatio,StopwordRatio,StopKeyRatio,ConceptualSimilarity,AuthorCommitsFile,CommittedTwice,TotalAuthoredCommits,ReviewingTwice,ReviewedCommitsFile,TotalReviewedCommits,ReviewedPRs,ExtLibSimilarity,sentimoji,gold
8,745920285-80524-u,u,56.97846154,56.97846154,0.076923077,0.0,0.692307692,0.692307692,0.127656948,1,1,1,1,57,63088,26189,0.0,0.0,-1.0
10,746339379-80493-u,u,74.97506579,77.6825,0.018867925,0.0,0.622641509,0.650943396,0.0,0,0,61,1,11,63068,26174,0.0,0.0,-1.0
12,744605937-80475-u,u,85.07411765,92.91,0.170731707,0.5,0.512195122,0.512195122,0.0,2,1,220,1,9,67035,26767,0.0,1.0,1.0
15,743952365-80450-u,u,74.59,74.59,0.013157895,0.75,0.539473684,0.552631579,0.189099789,0,0,1,1,12,63232,26186,0.5140989,0.0,-1.0
19,744584386-80439-u,u,78.755,78.755,0.018867925,0.0,0.358490566,0.358490566,0.137153961,0,0,972,0,0,63040,26150,0.822905818,-1.0,-1.0
26,743699350-80378-u,u,100.0,100.0,0.615384615,0.0,0.307692308,0.307692308,0.154746115,1,1,3713,0,0,62992,26124,0.0,1.0,1.0
30,744706826-80378-u,u,69.56013158,78.248,0.194444444,0.0,0.416666667,0.430555556,0.145432432,0,0,363,0,0,62992,26124,0.0,1.0,1.0
35,744706826-80378-u,u,69.56013158,78.248,0.194444444,0.0,0.416666667,0.430555556,0.145432432,0,0,363,0,0,62992,26124,0.0,1.0,1.0
37,745784982-80378-u,u,100.0,100.0,0.020408163,0.0,0.612244898,0.632653061,0.045931521,0,0,67,0,0,62992,26124,0.0,-1.0,-1.0
56,742082585-80282-u,u,86.26022727,94.35866525,0.157894737,0.0,0.421052632,0.421052632,0.053293871,2,1,1204,1,1,62916,26078,0.0,-1.0,-1.0
59,743616657-80253-u,u,74.52166667,74.52166667,0.055555556,0.666666667,0.5,0.5,0.0,1,1,201,0,0,62900,26064,0.0,0.0,-1.0
70,711682484-15356-u,u,91.29470588,91.29470588,0.013513514,0.0,0.554054054,0.621621622,0.137158517,12,1,283,1,14,5755,3518,0.0,-1.0,-1.0
78,711765261-15356-u,u,69.99384615,69.99384615,0.076923077,0.0,0.461538462,0.461538462,0.23671361,6,1,283,0,0,5755,3518,0.0,0.0,1.0
89,701341799-15288-u,u,93.605,85.07411765,0.073170732,0.0,0.463414634,0.463414634,0.470201629,14,1,283,1,2,5736,3495,0.0,1.0,1.0
91,702330901-15286-u,u,100.0,100.0,0.292682927,0.0,0.487804878,0.487804878,0.0,16,1,580,1,16,5735,3494,0.0,0.0,1.0
104,683338945-15075-u,u,100.0,100.0,0.076923077,0.0,0.435897436,0.435897436,0.182876712,12,1,580,1,6,5650,3398,0.0,0.0,1.0
120,721656755-14935-u,u,89.2435,88.905,0.095238095,0.0,0.428571429,0.464285714,0.082008037,0,0,94,1,7,5607,3338,0.0,0.0,-1.0
127,668400781-14905-u,u,61.4,20.49,0.695652174,0.0,0.260869565,0.260869565,0.382026529,224,1,580,1,140,5582,3323,0.0,-1.0,-1.0
128,660024790-14817-u,u,100.0,100.0,0.058823529,0.0,0.470588235,0.470588235,0.188679245,204,1,580,1,174,5542,3278,0.0,0.0,-1.0
145,265716154-13138-u,u,100.0,100.0,0.047619048,0.0,0.380952381,0.428571429,0.0,0,0,0,0,0,0,0,0.0,1.0,1.0
146,306565339-13138-u,u,95.58637097,95.58637097,0.029411765,0.0,0.5,0.5,0.164951809,222,1,580,1,132,4888,2885,0.0,-1.0,-1.0
165,265832050-12406-u,u,100.0,100.0,0.111111111,0.5,0.333333333,0.333333333,0.091287093,6,1,152,1,171,4740,2868,0.0,1.0,1.0
166,265838069-12336-u,u,100.0,85.88886364,0.333333333,0.5,0.285714286,0.285714286,0.184545511,108,1,152,1,77,4722,2861,0.0,1.0,1.0
181,723645914-11681-u,u,73.845,73.845,0.055555556,0.0,0.333333333,0.333333333,0.0,6,1,6,1,2,10592,2191,0.0,0.0,-1.0
185,721410211-11672-u,u,84.9,84.9,0.1,0.0,0.4,0.4,0.188982237,0,0,2,0,0,10307,2165,0.0,-1.0,-1.0
191,713348869-11638-u,u,91.53347826,91.53347826,0.04,0.0,0.68,0.68,0.193649167,36,1,8,1,29,10307,2165,0.0,1.0,1.0
202,733394841-11588-u,u,85.13947368,85.13947368,0.025,0.0,0.45,0.45,0.0,0,0,0,0,0,0,0,0.0,1.0,1.0
203,688567330-11585-u,u,100.0,100.0,0.066666667,0.0,0.733333333,0.733333333,0.051224083,0,0,2,0,0,10300,2160,0.0,0.0,1.0
211,665600264-11506-u,u,82.39,82.39,0.125,0.0,0.5,0.5,0.166174036,1,1,2,1,62,10200,2148,0.087705802,0.0,-1.0
213,665601238-11506-u,u,68.74642857,80.3325,0.064516129,0.0,0.483870968,0.483870968,0.237693914,1,1,2,1,62,10200,2148,0.087705802,1.0,1.0
222,608077287-11374-u,u,92.91785714,92.91785714,0.032258065,0.0,0.677419355,0.677419355,0.207599718,0,0,1,1,26,9914,2120,0.0,-1.0,-1.0
223,618725503-11374-u,u,80.59263514,80.59263514,0.025641026,0.0,0.641025641,0.666666667,0.271363859,2,1,8,1,21,9906,2118,0.0,1.0,1.0
232,450709550-11118-u,u,100.0,100.0,0.071428571,0.0,0.214285714,0.214285714,0.0,0,0,0,0,0,0,0,0.0,1.0,1.0
245,383255453-10932-u,u,61.665,61.665,0.052631579,0.0,0.526315789,0.631578947,0.133695347,0,0,16,1,1,8987,2040,0.0,-1.0,-1.0
252,943736910-20115-u,u,100.0,100.0,0.058823529,0.0,0.647058824,0.647058824,0.0,0,0,7,0,0,15366,6598,0.0,0.0,1.0
261,931337151-20004-u,u,100.0,100.0,0.058823529,0.5,0.411764706,0.411764706,0.0,0,0,0,0,0,15303,6560,0.0,1.0,1.0
264,718752712-19997-u,u,100.0,100.0,0.21875,0.0,0.40625,0.40625,0.0,0,0,1712,1,3,15298,6558,0.0,1.0,1.0
276,714360584-19925-u,u,94.04473684,95.42,0.181818182,0.0,0.363636364,0.363636364,0.072739297,86,1,1712,1,204,15250,6527,0.0,1.0,1.0
283,714830555-19921-u,u,81.01157143,81.76977778,0.041666667,0.0,0.416666667,0.427083333,0.090100247,0,0,249,1,5,15250,6527,0.0,-1.0,-1.0
284,714837019-19921-u,u,92.81567308,98.18958333,0.25,0.666666667,0.416666667,0.458333333,0.142433862,1,1,1712,1,5,15250,6527,0.0,-1.0,-1.0
285,713482808-19920-u,u,70.46166667,70.46166667,0.0,0.333333333,0.457142857,0.457142857,0.0,0,0,1712,1,1,15250,6527,0.0,-1.0,-1.0
288,713113087-19911-u,u,99.3697619,99.3697619,0.0625,0.0,0.375,0.375,0.0,0,0,249,0,0,15244,6522,0.0,-1.0,-1.0
301,708437326-19869-u,u,92.86583333,92.77076923,0.066666667,0.0,0.633333333,0.633333333,0.098028616,30,1,7,1,26,15231,6510,0.0,1.0,1.0
313,749720331-19814-u,u,88.56306452,93.1546747,0.333333333,0.0,0.462121212,0.462121212,0.0,0,0,0,0,0,0,0,0.0,1.0,1.0
318,908235930-19781-u,u,71.62625,74.805,0.3,0.0,0.4,0.4,0.0,0,0,0,0,0,14896,6479,0.0,1.0,1.0
324,693483019-19686-u,u,88.49293478,88.49293478,0.038461538,0.0,0.423076923,0.423076923,0.19668624,0,0,1,1,6,14738,6446,0.0,-1.0,-1.0
330,686719136-19645-u,u,78.755,80.77714286,0.06,0.0,0.42,0.44,0.0,1,1,140,1,16,15916,6623,0.0,0.0,-1.0
340,693525373-19618-u,u,90.05058824,91.84442177,0.053571429,0.0,0.589285714,0.589285714,0.174843509,62,1,7,1,179,14690,6416,0.0,0.0,1.0
352,681206370-19600-u,u,100.0,100.0,0.04,0.0,0.52,0.52,0.0,24,1,7,1,15,14683,6412,0.0,-1.0,1.0
354,892064669-19599-u,u,52.868,52.868,0.035714286,0.0,0.714285714,0.75,0.0,0,0,1712,0,0,14683,6412,0.0,0.0,-1.0
355,682582324-19598-u,u,100.0,100.0,0.052631579,0.0,0.421052632,0.421052632,0.154804706,7,1,140,1,193,15893,6611,0.0,0.0,1.0
357,683306830-19598-u,u,100.0,100.0,0.2,0.0,0.6,0.6,0.0,21,1,1288,1,177,14683,6412,0.0,-1.0,-1.0
384,295392356-5560-u,u,87.40607143,87.40607143,0.045454545,0.0,0.545454545,0.545454545,0.24797797,0,0,799,1,29,4187,1032,0.703526471,0.0,-1.0
400,283068965-5540-u,u,100.0,100.0,0.071428571,0.0,0.642857143,0.642857143,0.137242259,3,1,799,1,73,4161,1028,0.0,1.0,1.0
404,278763890-5530-u,u,100.0,100.0,0.125,0.5,0.25,0.25,0.0,0,0,799,1,1,4147,1023,0.603022689,1.0,1.0
430,253680992-5474-u,u,57.16602151,79.0915,0.342105263,0.0,0.421052632,0.421052632,0.094870049,0,0,799,1,5,3973,1003,0.754336509,0.0,-1.0
497,87315273-5003-u,u,100.0,100.0,0.1,1.0,0.5,0.5,0.0,0,0,0,0,0,0,0,0.0,0.0,1.0
514,640854933-2133-u,u,70.8,72.83,0.28,0.0,0.32,0.32,0.097796741,2,1,124,1,4,1094,741,0.252629674,1.0,1.0
515,640854933-2124-u,u,70.8,72.83,0.28,0.0,0.32,0.32,0.0,2,1,124,0,0,1086,737,0.252629674,1.0,1.0
518,630563788-2122-u,u,100.0,100.0,0.1,0.5,0.5,0.5,0.0,5,1,124,1,8,1084,736,0.0,1.0,1.0
519,630567718-2122-u,u,93.475,93.475,0.02173913,0.333333333,0.47826087,0.5,0.176117488,5,1,124,1,8,1084,736,0.0,0.0,1.0
521,630616993-2122-u,u,95.86875,100.0,0.736842105,0.5,0.315789474,0.368421053,0.183493961,10,1,124,1,6,1084,736,0.0,1.0,1.0
526,549879651-2044-u,u,96.741875,96.741875,0.014084507,0.5,0.408450704,0.408450704,0.113930384,1,1,124,1,5,1033,703,0.0,1.0,1.0
527,549879651-2044-u,u,92.88739754,92.88739754,0.014084507,0.5,0.408450704,0.408450704,0.113930384,1,1,124,1,5,1033,703,0.0,1.0,1.0
528,546391533-2014-u,u,80.3325,80.3325,0.034482759,0.0,0.517241379,0.517241379,0.0,0,0,124,0,0,1013,688,0.773986812,1.0,1.0
539,498397852-1948-u,u,61.25159091,61.25159091,0.008474576,0.0,0.449152542,0.449152542,0.0,3,1,124,0,0,974,658,0.741998516,0.0,1.0
545,490412374-1931-u,u,99.395,99.395,0.045454545,0.0,0.318181818,0.318181818,0.0,8,1,124,1,1,957,646,0.572637127,-1.0,-1.0
552,447317270-1882-u,u,54.09666667,82.82961538,0.064516129,0.0,0.451612903,0.483870968,0.0,0,0,124,0,0,923,633,0.920136611,0.0,-1.0
562,446706398-1878-u,u,82.42535714,82.42535714,0.125,0.5,0.125,0.125,0.0,0,0,76,0,0,643,506,0.241472644,-1.0,-1.0
563,443831690-1877-u,u,35.945,66.1,0.153846154,0.0,0.384615385,0.384615385,0.0,2,1,124,0,0,907,630,0.700706822,0.0,1.0
598,417021642-1808-u,u,66.15,100.0,0.9,0.0,0.5,0.5,0.0,2,1,76,1,2,600,476,0.0,0.0,1.0
612,580890912-1734-u,u,34.23625,81.42308824,0.289156627,0.0,0.301204819,0.313253012,0.0,0,0,124,0,0,789,564,0.0,1.0,1.0
614,371042447-1732-u,u,37.2575,69.99384615,0.2,0.0,0.25,0.3,0.0,0,0,76,0,0,592,468,0.0,-1.0,-1.0
617,372220186-1732-u,u,85.62982143,90.50875,0.054545455,0.0,0.509090909,0.527272727,0.0,0,0,4,0,0,592,468,0.0,0.0,1.0
647,347116788-1622-u,u,100.0,100.0,0.523809524,0.0,0.0,0.095238095,0.0,0,0,76,0,0,552,428,0.514782494,0.0,1.0
648,343837175-1611-u,u,80.09764706,84.845,0.086956522,0.0,0.434782609,0.434782609,0.082572282,1,1,76,1,24,546,422,0.0,0.0,1.0
655,328367764-1589-u,u,98.30761905,98.30761905,0.023809524,0.333333333,0.476190476,0.476190476,0.0,8,1,124,1,1,685,493,0.0,1.0,1.0
668,318533334-1542-u,u,100.0,100.0,0.111111111,0.0,0.444444444,0.444444444,0.0,9,1,124,0,0,650,467,0.361536434,1.0,1.0
670,318533088-1542-u,u,85.07411765,85.07411765,0.018518519,0.0,0.537037037,0.537037037,0.0,9,1,124,0,0,650,467,0.361536434,-1.0,-1.0
671,316835980-1535-u,u,72.95894195,78.71733209,0.307017544,0.0,0.421052632,0.429824561,0.0,2,1,124,0,0,646,465,0.5,-1.0,-1.0
683,802652963-80462-nu,nu,100.0,100.0,0.166666667,0.0,0.166666667,0.166666667,0.0,0,0,1,0,0,63244,26196,0.0,1.0,1.0
685,800190628-80450-nu,nu,100.0,100.0,0.142857143,0.0,0.428571429,0.428571429,0.0,0,0,0,0,0,63044,26154,0.0,1.0,1.0
688,800067654-80406-nu,nu,100.0,100.0,0.076923077,0.0,0.461538462,0.461538462,0.0,0,0,5088,0,0,63024,26139,0.0,1.0,1.0
692,743758446-80378-nu,nu,85.88886364,85.88886364,0.076923077,0.0,0.461538462,0.461538462,0.0,28,1,3713,1,76,62992,26124,0.0,1.0,1.0
693,798271250-80378-nu,nu,80.465,80.465,0.016393443,0.0,0.393442623,0.393442623,0.0,0,0,3713,0,0,62992,26124,0.0,1.0,1.0
694,798945002-80378-nu,nu,86.4225,86.4225,0.028571429,0.0,0.314285714,0.342857143,0.0,0,0,3713,0,0,62992,26124,0.0,1.0,1.0
696,743758446-80378-nu,nu,85.88886364,85.88886364,0.076923077,0.0,0.461538462,0.461538462,0.0,28,1,3713,1,76,62992,26124,0.0,1.0,1.0
697,743758726-80378-nu,nu,98.31358974,98.31358974,0.066666667,0.0,0.333333333,0.333333333,0.0,28,1,3713,1,76,62992,26124,0.0,1.0,1.0
703,798752733-80337-nu,nu,100.0,100.0,0.076923077,0.0,0.615384615,0.615384615,0.0,0,0,1035,0,0,62987,26103,0.0,1.0,1.0
704,742316275-80306-nu,nu,61.24,61.24,0.038461538,0.0,0.423076923,0.423076923,0.149082569,4,1,3713,1,8,62942,26092,0.0,-1.0,-1.0
709,800693365-80286-nu,nu,71.53096491,80.30107143,0.111111111,0.0,0.377777778,0.377777778,0.0,0,0,884,0,0,62917,26079,0.0,0.0,1.0
713,742937776-80282-nu,nu,100.0,100.0,0.055555556,0.0,0.388888889,0.388888889,0.104257207,2,1,1204,1,1,62916,26078,0.0,1.0,1.0
717,742828352-80267-nu,nu,72.16022727,72.16022727,0.027777778,0.5,0.527777778,0.611111111,0.249278644,0,0,1366,0,0,62908,26070,0.0,1.0,1.0
724,752987852-15355-nu,nu,100.0,100.0,0.033333333,0.0,0.4,0.4,0.0,0,0,0,0,0,0,0,0.0,1.0,1.0
725,753053985-15342-nu,nu,91.84272727,91.84272727,0.041666667,0.5,0.5,0.5,0.0,0,0,0,0,0,0,0,0.0,1.0,1.0
727,755375212-15342-nu,nu,100.0,100.0,0.04,0.0,0.48,0.48,0.0,0,0,0,0,0,0,0,0.0,1.0,1.0
730,905926056-15251-nu,nu,100.0,100.0,0.052631579,0.0,0.526315789,0.526315789,0.0,0,0,0,0,0,0,0,0.0,1.0,1.0
731,740730189-15251-nu,nu,100.0,100.0,0.05,0.0,0.25,0.25,0.0,0,0,0,0,0,0,0,0.0,1.0,1.0
738,723616353-15075-nu,nu,87.515,87.515,0.027027027,0.0,0.675675676,0.702702703,0.0,0,0,0,0,0,0,0,0.0,1.0,1.0
740,893028300-15063-nu,nu,80.83214286,80.83214286,0.033333333,0.0,0.466666667,0.466666667,0.0,0,0,0,0,0,0,0,0.0,1.0,1.0
741,905820010-14970-nu,nu,92.21409091,92.21409091,0.04,0.0,0.44,0.44,0.0,0,0,0,0,0,0,0,0.0,0.0,1.0
742,907534661-14970-nu,nu,95.98284553,100.0,0.137254902,0.0,0.431372549,0.431372549,0.0,0,0,0,0,0,0,0,0.0,1.0,1.0
743,762668291-14935-nu,nu,98.8675,98.8675,0.1,0.0,0.5,0.5,0.0,0,0,0,0,0,0,0,0.0,1.0,1.0
747,948862596-14935-nu,nu,100.0,100.0,0.025,0.333333333,0.3,0.3,0.0,0,0,0,0,0,0,0,0.0,1.0,1.0
757,279200998-12751-nu,nu,67.59012579,67.59012579,0.018181818,0.0,0.527272727,0.527272727,0.067241481,0,0,6,1,10,4812,2854,0.0,1.0,1.0
758,228856333-12675-nu,nu,81.72731183,81.72731183,0.03030303,0.333333333,0.272727273,0.272727273,0.0,0,0,0,0,0,0,0,0.0,1.0,1.0
759,222387470-12568-nu,nu,62.79,62.79,0.25,0.0,0.5,0.5,0.0,0,0,0,0,0,0,0,0.0,1.0,1.0
763,215431102-12299-nu,nu,100.0,100.0,0.142857143,0.0,0.714285714,0.714285714,0.0,0,0,0,0,0,0,0,0.0,1.0,1.0
764,200888194-12205-nu,nu,100.0,100.0,0.083333333,0.0,0.166666667,0.166666667,0.0,0,0,0,0,0,0,0,0.0,1.0,1.0
765,199859890-12203-nu,nu,100.0,100.0,0.047619048,0.0,0.571428571,0.571428571,0.0,0,0,0,0,0,0,0,0.0,1.0,1.0
766,200874472-12203-nu,nu,94.51107143,94.51107143,0.111111111,0.0,0.222222222,0.222222222,0.0,0,0,0,0,0,0,0,0.0,1.0,1.0
770,780864874-11681-nu,nu,64.10162162,64.10162162,0.025641026,0.0,0.641025641,0.692307692,0.0,0,0,0,0,0,0,0,0.0,1.0,1.0
772,783777737-11660-nu,nu,92.66931818,92.66931818,0.029411765,0.0,0.558823529,0.588235294,0.0,0,0,0,0,0,0,0,0.0,1.0,1.0
774,767204411-11650-nu,nu,95.7347619,95.7347619,0.017857143,0.0,0.464285714,0.464285714,0.0,0,0,0,0,0,0,0,0.0,0.0,1.0
790,897073817-11580-nu,nu,100.0,100.0,0.055555556,0.0,0.444444444,0.444444444,0.0,0,0,0,0,0,10300,2160,0.0,1.0,1.0
794,871475519-11506-nu,nu,85.17846154,85.17846154,0.022222222,0.0,0.444444444,0.466666667,0.0,0,0,8,0,0,10200,2148,0.0,1.0,1.0
796,703415104-11506-nu,nu,93.57977273,93.57977273,0.083333333,0.0,0.5,0.5,0.0,0,0,0,0,0,0,0,0.0,1.0,1.0
797,675948084-11480-nu,nu,56.97846154,56.97846154,0.033333333,0.0,0.4,0.4,0.046700307,8,1,32,1,52,10116,2145,1.0,1.0,1.0
801,846981277-11445-nu,nu,100.0,100.0,0.071428571,0.5,0.428571429,0.428571429,0.0,0,0,8,0,0,10071,2133,0.0,1.0,1.0
805,825172291-11374-nu,nu,100.0,100.0,0.05,0.0,0.5,0.5,0.0,0,0,8,0,0,9906,2118,0.0,1.0,1.0
806,841130974-11374-nu,nu,95.93928571,95.93928571,0.032258065,0.0,0.709677419,0.709677419,0.0,0,0,8,0,0,9906,2118,0.0,0.0,1.0
808,742036753-11244-nu,nu,93.475,93.475,0.045454545,0.0,0.636363636,0.636363636,0.0,0,0,2,0,0,9625,2085,0.0,1.0,1.0
809,772892489-11208-nu,nu,94.995,94.995,0.083333333,1.0,0.416666667,0.416666667,0.0,0,0,1,0,0,9522,2078,0.0,1.0,1.0
812,503269731-11202-nu,nu,86.705,86.705,0.03125,0.0,0.375,0.375,0.0,0,0,0,0,0,0,0,0.0,1.0,1.0
813,486859954-11165-nu,nu,61.325,61.325,0.090909091,0.0,0.272727273,0.272727273,0.0,0,0,0,0,0,0,0,0.0,1.0,1.0
817,806941598-11162-nu,nu,92.54273256,92.54273256,0.022222222,0.0,0.555555556,0.555555556,0.0,0,0,2,0,0,9255,2066,0.0,1.0,1.0
820,869574178-11118-nu,nu,87.48875,87.48875,0.028571429,0.0,0.542857143,0.542857143,0.0,0,0,1,0,0,9146,2058,0.0,1.0,1.0
821,443049952-11105-nu,nu,95.99916667,95.99916667,0.033333333,0.5,0.433333333,0.433333333,0.0,0,0,0,0,0,0,0,0.0,1.0,1.0
825,713475241-11105-nu,nu,50.345,58.65916667,0.12,0.0,0.12,0.2,0.0,0,0,0,0,0,9078,2056,0.0,1.0,1.0
827,444472252-11100-nu,nu,78.81,78.81,0.02,0.333333333,0.36,0.36,0.0,3,1,31,1,46,9371,2075,0.0,1.0,1.0
828,459989574-11100-nu,nu,59.72695783,68.81117647,0.550847458,1.0,0.211864407,0.211864407,0.0,0,0,2,1,44,9078,2056,0.0,1.0,1.0
832,671614552-11100-nu,nu,95.165,95.165,0.083333333,0.0,0.583333333,0.583333333,0.0,0,0,2,0,0,9078,2056,0.0,1.0,1.0
834,380462182-10969-nu,nu,86.939801,86.939801,0.014285714,0.0,0.442857143,0.457142857,0.0,0,0,0,0,0,0,0,0.0,1.0,1.0
836,390962921-10960-nu,nu,57.945,82.82961538,0.243243243,0.0,0.324324324,0.324324324,0.125988158,0,0,0,1,27,8990,2041,0.0,1.0,1.0
838,591060657-10929-nu,nu,87.45209459,87.45209459,0.023809524,0.0,0.5,0.5,0.0,0,0,1061,0,0,11270,2388,0.0,1.0,1.0
839,364453138-10929-nu,nu,100.0,100.0,0.083333333,0.0,0.416666667,0.5,0.0,0,0,0,0,0,0,0,0.0,1.0,1.0
840,725140994-20071-nu,nu,90.95857143,90.95857143,0.0625,0.0,0.5,0.5625,0.0,1,1,140,1,93,16576,6790,0.0,1.0,1.0
841,724003482-20061-nu,nu,89.06382278,89.06382278,0.010869565,0.0,0.25,0.25,0.353189453,11,1,2103,1,48,15336,6577,0.0,-1.0,-1.0
842,939422789-20061-nu,nu,84.9,70.08365385,0.333333333,0.0,0.208333333,0.208333333,0.0,0,0,2103,0,0,15336,6577,0.0,1.0,1.0
845,767853829-20002-nu,nu,100.0,100.0,0.147058824,0.0,0.352941176,0.352941176,0.0,0,0,0,0,0,0,0,0.0,1.0,1.0
846,932839054-20000-nu,nu,80.09764706,80.09764706,0.025641026,0.0,0.564102564,0.564102564,0.0,0,0,1712,0,0,15299,6559,0.0,1.0,1.0
847,766985060-20000-nu,nu,76.23421053,76.23421053,0.015873016,0.0,0.555555556,0.571428571,0.0,0,0,0,0,0,0,0,0.0,1.0,1.0
850,719451463-20000-nu,nu,46.945,46.945,0.047619048,0.0,0.571428571,0.619047619,0.0,13,1,1712,1,90,15299,6559,0.0,1.0,1.0
851,765760997-19992-nu,nu,92.965,92.965,0.035714286,0.0,0.5,0.535714286,0.0,0,0,0,0,0,0,0,0.0,1.0,1.0
852,929875369-19978-nu,nu,78.81,78.81,0.028571429,0.0,0.542857143,0.542857143,0.0,0,0,1712,0,0,15290,6553,0.0,1.0,1.0
855,717126653-19977-nu,nu,80.3325,80.3325,0.035714286,0.0,0.428571429,0.428571429,0.0,6,1,7,1,2,15290,6553,0.0,1.0,1.0
859,929539932-19977-nu,nu,93.70161765,93.70161765,0.05,0.0,0.35,0.4,0.0,0,0,7,0,0,15290,6553,0.0,1.0,1.0
860,931786402-19969-nu,nu,100.0,100.0,0.0625,0.0,0.4375,0.4375,0.0,0,0,1712,0,0,15287,6550,0.0,1.0,1.0
861,930577229-19969-nu,nu,100.0,100.0,0.2,0.0,0.6,0.6,0.0,0,0,189,0,0,15470,6556,0.0,1.0,1.0
863,717033857-19957-nu,nu,90.94270115,91.07631579,0.029411765,0.0,0.485294118,0.5,0.229066908,0,0,140,1,26,16504,6748,0.0,1.0,1.0
865,762212024-19921-nu,nu,81.92228093,84.99108871,0.047619048,0.0,0.514285714,0.523809524,0.0,0,0,0,0,0,0,0,0.0,0.0,1.0
867,924492268-19920-nu,nu,100.0,100.0,0.25,0.0,0.607142857,0.607142857,0.0,0,0,1712,0,0,15250,6527,0.0,1.0,1.0
870,713487904-19911-nu,nu,100.0,100.0,0.021276596,0.25,0.510638298,0.510638298,0.0,2,1,1712,1,1,15244,6522,0.0,-1.0,-1.0
873,924446592-19911-nu,nu,66.1,66.1,0.047619048,0.0,0.476190476,0.476190476,0.0,0,0,1712,0,0,15244,6522,0.0,1.0,1.0
877,923178357-19893-nu,nu,90.935,90.935,0.045454545,0.0,0.318181818,0.318181818,0.0,0,0,7,0,0,15239,6517,0.0,-1.0,-1.0
878,922075250-19884-nu,nu,85.09666667,85.09666667,0.052631579,0.0,0.631578947,0.631578947,0.0,0,0,1712,0,0,15236,6514,0.0,1.0,1.0
879,927189504-19879-nu,nu,100.0,100.0,0.037037037,0.0,0.37037037,0.407407407,0.0,0,0,7,0,0,15234,6512,0.0,1.0,1.0
880,918464694-19863-nu,nu,100.0,100.0,0.333333333,0.0,0.5,0.5,0.0,0,0,7,0,0,15228,6507,0.0,1.0,1.0
881,917112353-19849-nu,nu,54.70142857,54.70142857,0.058823529,0.0,0.352941176,0.352941176,0.0,0,0,0,0,0,15225,6504,0.0,1.0,1.0
888,913246948-19821-nu,nu,98.2904902,98.2904902,0.025641026,0.0,0.512820513,0.512820513,0.0,0,0,7,0,0,15216,6495,0.0,1.0,1.0
889,915239631-19821-nu,nu,83.85357143,83.85357143,0.066666667,0.0,0.533333333,0.533333333,0.0,0,0,1712,0,0,15216,6495,0.0,0.0,-1.0
891,701457202-19818-nu,nu,100.0,100.0,0.142857143,0.0,0.285714286,0.285714286,0.0,0,0,1288,0,0,15216,6495,0.0,-1.0,-1.0
892,700964037-19814-nu,nu,74.00789474,73.73317568,0.043478261,0.5,0.456521739,0.456521739,0.120686071,0,0,1288,0,0,15216,6495,0.0,0.0,-1.0
897,744450672-19805-nu,nu,96.02461538,96.02461538,0.035714286,0.0,0.571428571,0.571428571,0.0,0,0,0,0,0,0,0,0.0,1.0,1.0
899,698522645-19781-nu,nu,100.0,100.0,0.125,0.0,0.625,0.625,0.0,1,1,2103,1,3,14896,6479,0.0,1.0,1.0
900,698523879-19781-nu,nu,97.025,97.025,0.25,0.0,0.75,0.75,0.0,1,1,2103,1,39,14896,6479,0.0,1.0,1.0
902,909198447-19781-nu,nu,90.05058824,90.05058824,0.055555556,0.0,0.611111111,0.611111111,0.0,0,0,2103,0,0,14896,6479,0.0,1.0,1.0
903,917633456-19776-nu,nu,77.25975,77.25975,0.011904762,0.0,0.404761905,0.416666667,0.0,0,0,140,0,0,16109,6680,0.0,0.0,-1.0
905,905826520-19754-nu,nu,59.68214286,88.905,0.1,1.0,0.2,0.2,0.0,0,0,1712,0,0,14890,6474,0.0,1.0,1.0
906,905854662-19754-nu,nu,75.89755137,75.89755137,0.012345679,0.0,0.432098765,0.432098765,0.0,0,0,1712,0,0,14890,6474,0.0,1.0,-1.0
909,765699130-19731-nu,nu,88.02545977,88.02545977,0.014705882,0.0,0.441176471,0.441176471,0.0,0,0,0,0,0,0,0,0.0,1.0,1.0
910,901694130-19713-nu,nu,98.89,98.89,0.041666667,0.0,0.583333333,0.583333333,0.0,0,0,1288,0,0,14855,6458,0.0,1.0,1.0
912,901948861-19713-nu,nu,65.16823529,71.62625,0.075,0.0,0.475,0.475,0.0,0,0,1212,0,0,14855,6458,0.0,1.0,1.0
918,930421265-19686-nu,nu,95.68818182,95.68818182,0.041666667,0.0,0.458333333,0.458333333,0.0,0,0,1712,0,0,14738,6446,0.0,1.0,1.0
920,899106122-19665-nu,nu,100.0,100.0,0.032258065,0.0,0.580645161,0.580645161,0.0,0,0,0,0,0,14722,6434,0.0,1.0,1.0
921,906503864-19663-nu,nu,100.0,100.0,0.027777778,0.0,0.555555556,0.555555556,0.0,0,0,1712,0,0,14722,6434,0.0,1.0,1.0
925,897118973-19638-nu,nu,58.78846154,61.40184211,0.043478261,0.0,0.456521739,0.456521739,0.0,0,0,1712,0,0,14701,6420,0.0,0.0,1.0
930,724128904-19609-nu,nu,100.0,100.0,0.083333333,0.0,0.583333333,0.583333333,0.0,0,0,0,0,0,0,0,0.0,1.0,1.0
934,722238305-19598-nu,nu,100.0,100.0,0.03030303,0.5,0.484848485,0.484848485,0.0,0,0,0,0,0,0,0,0.0,1.0,1.0
937,681122854-19587-nu,nu,71.815,71.815,0.05,0.0,0.45,0.45,0.0,0,0,276,0,0,16019,6767,0.0,1.0,1.0
940,677635017-19565-nu,nu,90.95857143,100.0,0.333333333,0.0,0.333333333,0.333333333,0.207069982,8,1,2103,1,8,14646,6398,0.0,1.0,1.0
941,677635017-19565-nu,nu,90.95857143,100.0,0.333333333,0.0,0.333333333,0.333333333,0.207069982,8,1,2103,1,8,14646,6398,0.0,1.0,1.0
942,887392378-19554-nu,nu,100.0,100.0,0.090909091,0.0,0.545454545,0.636363636,0.0,0,0,789,0,0,14640,6393,0.0,1.0,1.0
946,382848764-5630-nu,nu,90.95857143,90.95857143,0.111111111,0.0,0.555555556,0.666666667,0.196116135,0,0,799,1,41,4317,1059,1.0,-1.0,-1.0
961,200796291-5480-nu,nu,100.0,100.0,0.466666667,0.0,0.333333333,0.333333333,0.0,0,0,0,0,0,0,0,0.0,1.0,1.0
962,254424569-5452-nu,nu,83.74867647,83.74867647,0.05,0.333333333,0.3,0.3,0.0,0,0,1668,1,2,3944,999,0.516397779,0.0,-1.0
969,421487038-5357-nu,nu,100.0,100.0,0.1,0.0,0.4,0.4,0.0,0,0,124,0,0,3142,855,0.0,1.0,1.0
976,140803900-5301-nu,nu,85.165,85.165,0.055555556,1.0,0.555555556,0.555555556,0.0,0,0,0,0,0,0,0,0.0,1.0,1.0
982,386892054-5217-nu,nu,100.0,100.0,0.083333333,0.0,0.5,0.5,0.0,0,0,85,0,0,3285,936,0.0,1.0,1.0
986,165774763-5089-nu,nu,97.025,97.025,0.25,0.0,0.25,0.25,0.135680105,21,1,1668,1,10,3360,929,0.0,1.0,1.0
988,90935450-5051-nu,nu,100.0,100.0,0.125,0.0,0.625,0.625,0.0,0,0,0,0,0,0,0,0.0,1.0,1.0
990,90228660-5048-nu,nu,100.0,100.0,0.047619048,0.0,0.571428571,0.571428571,0.0,0,0,0,0,0,0,0,0.0,1.0,1.0
991,90938962-5048-nu,nu,14.2675,14.2675,0.076923077,0.0,0.307692308,0.307692308,0.0,0,0,0,0,0,0,0,0.0,1.0,1.0
999,356299120-5007-nu,nu,80.49869565,80.49869565,0.038461538,0.0,0.346153846,0.346153846,0.0,0,0,85,0,0,3119,872,0.0,1.0,1.0
1000,85195071-5003-nu,nu,100.0,100.0,0.090909091,0.0,0.454545455,0.454545455,0.0,0,0,0,0,0,0,0,0.0,1.0,1.0
1006,85049831-5000-nu,nu,95.68818182,95.68818182,0.083333333,0.0,0.416666667,0.416666667,0.0,0,0,0,0,0,0,0,0.0,1.0,1.0
1013,630615998-2122-nu,nu,100.0,100.0,0.028571429,0.0,0.4,0.4,0.074942819,5,1,124,1,8,1084,736,0.0,1.0,1.0
1016,839207473-2122-nu,nu,100.0,100.0,0.142857143,0.0,0.285714286,0.285714286,0.0,0,0,124,0,0,1084,736,0.0,1.0,1.0
1019,552111578-2044-nu,nu,100.0,100.0,0.028571429,0.0,0.371428571,0.371428571,0.134243966,1,1,124,1,5,1033,703,0.0,0.0,1.0
1021,742705463-2014-nu,nu,89.60673077,89.60673077,0.0625,0.5,0.25,0.25,0.0,0,0,124,0,0,1013,688,0.0,1.0,1.0
1025,742181960-2012-nu,nu,97.025,97.025,0.25,0.0,0.0,0.0,0.0,0,0,124,0,0,1011,687,0.0,1.0,1.0
1031,499727718-1958-nu,nu,100.0,100.0,0.04,0.0,0.32,0.32,0.0,22,1,124,1,7,984,664,1.0,-1.0,-1.0
1032,490723094-1931-nu,nu,100.0,100.0,0.166666667,0.0,0.166666667,0.166666667,0.0,15,1,124,1,1,957,646,0.576401377,1.0,1.0
1033,456920262-1893-nu,nu,78.33,78.33,0.038461538,0.5,0.384615385,0.423076923,0.080289654,0,0,76,1,1,643,506,0.320256308,1.0,1.0
1034,446706329-1878-nu,nu,39.33,81.855,0.235294118,1.0,0.470588235,0.470588235,0.0,0,0,76,0,0,643,506,0.241472644,-1.0,-1.0
1037,479964733-1877-nu,nu,63.23464286,63.23464286,0.04,0.0,0.4,0.4,0.136321285,13,1,124,1,7,907,630,0.732934817,1.0,1.0
1039,478407222-1875-nu,nu,100.0,100.0,0.1,0.0,0.5,0.5,0.0,0,0,0,0,0,0,0,0.0,1.0,1.0
1044,429587235-1842-nu,nu,92.5125,92.5125,0.333333333,1.0,0.333333333,0.333333333,0.0,0,0,76,0,0,626,491,0.0,1.0,1.0
1046,415431095-1838-nu,nu,75.98359649,75.98359649,0.023809524,0.0,0.476190476,0.476190476,0.0,0,0,0,0,0,0,0,0.0,1.0,1.0
1047,685933890-1818-nu,nu,90.1325,90.1325,0.058823529,0.0,0.470588235,0.470588235,0.0,0,0,124,0,0,830,593,0.0,1.0,1.0
1048,685933890-1818-nu,nu,90.1325,90.1325,0.058823529,0.0,0.470588235,0.470588235,0.0,0,0,124,0,0,830,593,0.0,1.0,1.0
1050,636190692-1818-nu,nu,100.0,100.0,0.090909091,0.0,0.909090909,0.909090909,0.0,0,0,124,0,0,830,593,0.0,1.0,1.0
1054,402319851-1808-nu,nu,100.0,100.0,0.047619048,0.0,0.380952381,0.380952381,0.0,0,0,0,0,0,0,0,0.0,1.0,1.0
1055,403950834-1808-nu,nu,100.0,100.0,0.0625,0.0,0.25,0.25,0.0,0,0,0,0,0,0,0,0.0,1.0,1.0
1056,416231296-1806-nu,nu,100.0,100.0,0.0625,0.0,0.3125,0.3125,0.0,28,1,124,1,7,822,585,0.76153409,1.0,1.0
1060,622597852-1806-nu,nu,100.0,100.0,0.083333333,0.0,0.333333333,0.333333333,0.0,0,0,124,0,0,822,585,0.0,1.0,1.0
1061,414165326-1802-nu,nu,84.45,84.45,0.0625,0.0,0.4375,0.5,0.0,7,1,124,1,3,821,584,0.0,0.0,1.0
1062,414166192-1802-nu,nu,100.0,100.0,0.1,0.0,0.4,0.4,0.0,0,0,124,0,0,821,584,0.253437684,1.0,1.0
1070,373119263-1734-nu,nu,100.0,100.0,0.090909091,0.0,0.363636364,0.363636364,0.0,6,1,124,1,6,789,564,0.401477534,1.0,1.0
1077,352264188-1633-nu,nu,84.92018293,84.92018293,0.022222222,0.0,0.533333333,0.577777778,0.0,31,1,124,1,10,733,514,1.0,-1.0,-1.0
1079,362128197-1633-nu,nu,89.89642857,89.89642857,0.058823529,0.0,0.411764706,0.411764706,0.196092633,28,1,124,1,6,733,514,1.0,1.0,1.0
1080,363867640-1633-nu,nu,93.54350877,93.54350877,0.047619048,0.0,0.619047619,0.619047619,0.0,1,1,124,1,1,733,514,0.0,1.0,1.0
1082,578262521-1633-nu,nu,100.0,100.0,0.029411765,0.333333333,0.441176471,0.441176471,0.0,0,0,124,0,0,733,514,0.0,-1.0,-1.0
1084,314491758-1611-nu,nu,61.325,61.325,0.090909091,0.0,0.545454545,0.545454545,0.0,0,0,0,0,0,0,0,0.0,1.0,1.0
1086,558858055-1611-nu,nu,74.27,74.27,0.026315789,0.0,0.368421053,0.368421053,0.0,0,0,124,0,0,700,501,0.0,0.0,1.0
1093,522205084-1535-nu,nu,92.00264368,92.00264368,0.029411765,0.333333333,0.294117647,0.294117647,0.0,0,0,124,0,0,646,465,0.0,1.0,1.0
1096,524360847-1535-nu,nu,100.0,100.0,0.125,0.333333333,0.333333333,0.333333333,0.0,0,0,124,0,0,646,465,0.0,0.0,1.0
1097,524396649-1535-nu,nu,86.705,86.705,0.1,0.0,0.6,0.6,0.0,0,0,124,0,0,646,465,0.0,-1.0,-1.0
21,68092163-7275-u,u,77.95524528301891,83.68200000000002,0.0793650793650793,0.0,0.365079365079365,0.3809523809523809,0.2229978693352242,0,0,339,1,7,228,56,0.8452461606070965,0.0,1.0
23,68111721-7275-u,u,100.0,100.0,0.032258064516129,0.0,0.4516129032258064,0.4516129032258064,0.1601281538050871,2,1,169,1,13,171,45,0.0,1.0,1.0
27,66885485-7247-u,u,97.025,97.025,0.25,0.0,0.5,0.5,0.2886751345948129,13,1,1591,1,54,1559,297,0.7398966856649059,-1.0,-1.0
31,66867377-7241-u,u,75.12117647058825,75.12117647058825,0.0588235294117647,0.0,0.5882352941176471,0.5882352941176471,0.1833396994056422,0,0,3166,1,21,1457,286,0.7299678128538737,-1.0,-1.0
38,66831843-7240-u,u,81.20666666666669,81.20666666666669,0.0232558139534883,0.3333333333333333,0.6046511627906976,0.6046511627906976,0.2777777777777778,0,0,695,1,25,367,58,0.4155813868856491,0.0,-1.0
46,66673705-7228-u,u,100.0,100.0,0.0714285714285714,0.0,0.4285714285714285,0.4285714285714285,0.0,45,1,3166,1,32,1430,284,0.8290427242802751,-1.0,-1.0
47,66806928-7228-u,u,100.0,100.0,0.3461538461538461,0.0,0.1923076923076923,0.1923076923076923,0.4923659639173309,45,1,3166,1,32,1430,284,0.8290427242802751,0.0,1.0
56,66274084-7200-u,u,53.655,53.655,0.0714285714285714,0.0,0.3571428571428571,0.3571428571428571,0.3202563076101743,0,0,3488,1,10,1800,305,0.540985287597986,-1.0,-1.0
64,66290870-7200-u,u,69.67500000000004,69.67500000000004,0.0384615384615384,0.0,0.3846153846153846,0.3846153846153846,0.2080125735844609,0,0,3488,1,10,1800,305,0.540985287597986,1.0,1.0
83,65726556-7187-u,u,82.39000000000001,82.39000000000001,0.125,0.0,0.5,0.5,0.0,0,0,174,1,5,203,25,0.0,-1.0,-1.0
89,65121679-7169-u,u,52.87000000000002,52.87000000000002,0.0277777777777777,0.0,0.5833333333333334,0.5833333333333334,0.1999999999999999,0,0,187,1,2,500,93,0.0,1.0,1.0
102,64479045-7113-u,u,99.0,98.2525,0.15,0.0,0.45,0.45,0.0953462589245592,12,1,695,1,5,307,56,0.0,1.0,1.0
117,63533202-7062-u,u,95.93928571428572,95.93928571428572,0.0344827586206896,0.0,0.6551724137931034,0.6551724137931034,0.3354101966249684,0,0,39,0,0,0,0,0.0,0.0,-1.0
128,61792717-7013-u,u,42.61571428571432,100.0,0.4444444444444444,0.0,0.3333333333333333,0.3333333333333333,0.1720618004029213,0,0,581,1,1,484,52,0.6284796469788554,0.0,1.0
171,50045537-1539-u,u,75.50000000000003,75.50000000000003,0.1111111111111111,0.0,0.4444444444444444,0.4444444444444444,0.1490711984999859,5,1,456,1,51,955,105,0.0,0.0,1.0
172,50045793-1539-u,u,100.0,100.0,0.3333333333333333,0.0,0.0,0.0,0.0,0,0,315,1,18,537,66,0.0,0.0,-1.0
173,47161732-1535-u,u,83.32000000000004,83.32000000000004,0.2,1.0,0.4,0.4,0.1825741858350553,0,0,38,0,0,70,3,0.0,0.0,-1.0
182,37224365-1448-u,u,75.46678571428575,75.46678571428575,0.0256410256410256,0.0,0.5128205128205128,0.5128205128205128,0.1154700538379251,0,0,315,0,0,455,55,0.0,-1.0,-1.0
198,35013464-1432-u,u,77.40864754098361,77.40864754098361,0.0153846153846153,0.3333333333333333,0.6153846153846154,0.6461538461538462,0.2326700202988444,0,0,456,0,0,919,99,0.4330501905466242,-1.0,-1.0
199,35015110-1432-u,u,100.0,100.0,0.0344827586206896,0.5,0.4827586206896552,0.4827586206896552,0.1556997888323046,0,0,456,0,0,919,99,0.2439346884545225,-1.0,-1.0
204,34585366-1427-u,u,53.63928571428573,53.63928571428573,0.0625,0.0,0.375,0.375,0.0648203723552164,0,0,315,1,19,420,46,0.0,0.0,-1.0
211,34076052-1422-u,u,100.0,100.0,1.0,0.0,0.0,0.0,0.0,0,0,456,1,4,916,97,0.0,0.0,1.0
216,33951623-1416-u,u,97.70500000000004,97.70500000000004,0.0416666666666666,0.0,0.625,0.625,0.1490711984999859,2,1,456,1,16,897,94,0.0,1.0,1.0
217,33827973-1410-u,u,90.08833333333334,90.08833333333334,0.0294117647058823,0.5,0.088235294117647,0.088235294117647,0.0,0,0,315,1,4,384,40,0.0,1.0,1.0
221,33624515-1408-u,u,90.77,90.77,0.0294117647058823,0.0,0.6176470588235294,0.6176470588235294,0.1266600992762247,0,0,315,1,4,372,38,0.0,-1.0,-1.0
244,29440551-1332-u,u,87.99727272727276,87.99727272727276,0.0833333333333333,0.0,0.4166666666666667,0.4166666666666667,0.1443375672974064,4,1,511,1,59,676,66,0.581421938304522,-1.0,-1.0
245,29440656-1332-u,u,66.36500000000001,66.36500000000001,0.0526315789473684,0.0,0.5789473684210527,0.5789473684210527,0.2433321316961437,4,1,511,1,59,676,66,0.581421938304522,0.0,-1.0
255,28925821-1323-u,u,60.16999999999999,87.39927419354841,0.4776119402985074,0.0,0.4029850746268656,0.4328358208955223,0.4580786674510945,2,1,456,1,10,528,61,0.0,0.0,-1.0
273,21307454-1189-u,u,80.46500000000002,100.0,0.3478260869565217,0.0,0.3478260869565217,0.3478260869565217,0.1662821986421079,0,0,511,1,13,143,11,0.0,1.0,1.0
277,19608507-1155-u,u,65.98000000000003,68.77000000000002,0.5,0.0,0.2708333333333333,0.2708333333333333,0.3098386676965933,2,1,385,1,19,1687,250,0.0,0.0,-1.0
283,19247808-1144-u,u,84.52318181818181,95.73000000000002,0.4,0.0,0.3,0.3,0.3273268353539886,0,0,694,1,4,672,56,0.0,-1.0,-1.0
307,17626633-1083-u,u,17.44500000000002,17.44500000000002,0.0769230769230769,0.5,0.4615384615384615,0.4615384615384615,0.7071067811865476,22,1,694,1,19,644,54,0.9652331109844036,0.0,-1.0
311,17303422-1067-u,u,79.21217741935487,80.33250000000004,0.1470588235294117,0.0,0.6176470588235294,0.6176470588235294,0.5009794328681195,0,0,385,1,2,1509,207,0.0,-1.0,-1.0
312,17243508-1066-u,u,52.69500000000002,49.48000000000002,0.1764705882352941,0.5,0.3529411764705882,0.3529411764705882,0.3849001794597506,2,1,385,1,23,1507,206,0.0,-1.0,-1.0
314,63784194-1748-u,u,60.35441176470592,100.0,0.7857142857142857,0.0,0.2857142857142857,0.2857142857142857,0.3879049103011415,13,1,641,1,2,49,15,0.7958181194257216,0.0,1.0
318,63604244-1747-u,u,100.0,100.0,1.0,0.0,0.0,0.0,0.0,2,1,641,1,4,47,14,0.84265028371175,-1.0,-1.0
320,63604684-1747-u,u,84.9157142857143,84.9157142857143,0.0666666666666666,0.5,0.6,0.6,0.0,0,0,201,1,5,18,4,0.0,-1.0,-1.0
322,63605815-1747-u,u,82.39000000000001,82.39000000000001,0.1111111111111111,0.0,0.4444444444444444,0.4444444444444444,0.1020620726159657,0,0,641,1,5,47,14,0.5964809080634605,1.0,1.0
323,63605869-1747-u,u,66.40000000000003,66.40000000000003,0.2,1.0,0.0,0.0,0.0,0,0,641,1,5,47,14,0.5964809080634605,1.0,1.0
326,62937982-1742-u,u,60.58250000000001,100.0,0.913793103448276,0.0,0.4482758620689655,0.4482758620689655,0.4019312523830282,0,0,641,1,2,37,13,0.0697071480677523,1.0,1.0
327,62938565-1742-u,u,100.0,100.0,0.0909090909090909,0.0,0.6363636363636364,0.6363636363636364,0.0890870806374748,0,0,641,1,2,37,13,0.0697071480677523,-1.0,-1.0
340,61511327-1715-u,u,100.0,100.0,0.0909090909090909,0.0,0.2727272727272727,0.2727272727272727,0.0,4,1,44,1,22,134,42,0.0,-1.0,-1.0
341,61346453-1710-u,u,100.0,100.0,0.1111111111111111,0.0,0.4444444444444444,0.4444444444444444,0.2132007163556104,2,1,44,1,3,131,40,1.0,1.0,1.0
352,60754888-1688-u,u,58.94431818181821,72.16022727272728,0.4805194805194805,0.0,0.2467532467532467,0.2467532467532467,0.4056740422696879,3,1,44,1,33,112,33,0.0,-1.0,-1.0
355,60626265-1682-u,u,100.0,100.0,0.1428571428571428,0.0,0.1428571428571428,0.1428571428571428,0.0,0,0,0,1,15,49,9,0.0,-1.0,-1.0
366,60415258-1668-u,u,52.86500000000001,52.86500000000001,0.0909090909090909,0.0,0.4545454545454545,0.4545454545454545,0.0,0,0,824,1,4,1578,268,0.6974531980352185,-1.0,-1.0
371,59642523-1649-u,u,100.0,100.0,0.0909090909090909,0.0,0.2727272727272727,0.2727272727272727,0.0,0,0,44,1,1,42,15,0.0,-1.0,1.0
387,59788380-1649-u,u,69.5025,69.5025,0.0588235294117647,0.0,0.4117647058823529,0.4117647058823529,0.108465228909328,0,0,44,1,4,42,15,0.0,1.0,1.0
401,56389938-1613-u,u,34.903636363636366,34.903636363636366,0.0285714285714285,0.0,0.5142857142857142,0.5142857142857142,0.0590281336100955,0,0,186,1,6,598,86,0.0,1.0,1.0
419,55364629-1594-u,u,84.845,95.93928571428572,0.1764705882352941,0.0,0.2941176470588235,0.2941176470588235,0.227429413073671,0,0,74,1,8,246,52,0.0,-1.0,-1.0
439,40992993-1421-u,u,65.56701612903228,65.56701612903228,0.0303030303030303,0.6666666666666666,0.6363636363636364,0.6363636363636364,0.1760901812651248,1,1,186,1,7,488,58,0.7937637918516225,-1.0,-1.0
465,30443412-1231-u,u,60.35441176470592,95.73000000000002,0.6097560975609756,0.0,0.3414634146341463,0.3414634146341463,0.5782433095829119,0,0,142,1,18,87,5,0.0,-1.0,-1.0
470,63555390-2862-u,u,73.17000000000003,73.17000000000003,0.032258064516129,0.5,0.5161290322580645,0.5161290322580645,0.1740776559556978,1,1,2342,0,0,3654,679,0.0,0.0,-1.0
471,63555574-2862-u,u,100.0,100.0,0.0384615384615384,0.5,0.4230769230769231,0.4230769230769231,0.1249999999999999,1,1,2342,0,0,3654,679,0.0,-1.0,-1.0
478,62699217-2840-u,u,62.87631578947371,62.87631578947371,0.0476190476190476,0.0,0.5238095238095238,0.5238095238095238,0.2834733547569204,2,1,92,0,0,5,3,0.0,-1.0,-1.0
499,61912562-2798-u,u,66.10000000000002,66.10000000000002,0.1,1.0,0.6,0.6,0.3651483716701107,16,1,428,1,52,1060,120,0.0,-1.0,-1.0
510,61493907-2779-u,u,100.0,100.0,0.125,0.0,0.5,0.5,0.1543033499620919,8,1,489,1,13,590,43,1.0,0.0,1.0
531,59441491-2731-u,u,100.0,100.0,0.05,0.0,0.65,0.7,0.099258333397093,1,1,748,1,25,1089,208,0.0,0.0,-1.0
532,58946033-2725-u,u,73.84500000000001,73.84500000000001,0.1666666666666666,0.0,0.1666666666666666,0.1666666666666666,0.0,7,1,428,1,11,812,101,0.0,-1.0,-1.0
536,58932939-2724-u,u,100.0,100.0,0.5,0.0,0.0,0.0,0.0,4,1,93,0,0,47,7,0.6587286385978713,0.0,1.0
537,58933092-2724-u,u,78.81000000000003,83.0092307692308,0.1578947368421052,0.0,0.3684210526315789,0.3684210526315789,0.2519763153394848,0,0,428,1,6,809,100,0.3136216093847043,0.0,-1.0
543,58626379-2719-u,u,100.0,100.0,0.0666666666666666,0.0,0.4,0.4666666666666667,0.2335496832484568,0,0,253,1,2,335,39,0.7589424741584246,0.0,1.0
547,58392542-2713-u,u,78.92000000000003,78.92000000000003,0.3333333333333333,0.0,0.0,0.0,0.0,0,0,489,0,0,454,33,0.8915942161871072,1.0,1.0
550,57007258-2692-u,u,52.13250000000002,52.13250000000002,0.0,0.0,0.3939393939393939,0.3939393939393939,0.0962250448649376,0,0,2342,0,0,3645,673,0.1495915184013531,-1.0,-1.0
551,57007526-2692-u,u,96.05954545454546,96.05954545454546,0.0434782608695652,0.0,0.5217391304347826,0.5217391304347826,0.196116135138184,0,0,2342,0,0,3645,673,0.1495915184013531,-1.0,-1.0
554,57009303-2688-u,u,94.3,100.0,0.1666666666666666,0.0,0.5,0.5,0.3396831102433787,0,0,82,0,0,92,15,0.0,-1.0,-1.0
559,56528158-2674-u,u,84.97083333333336,88.03333333333336,0.2162162162162162,0.0,0.3243243243243243,0.3513513513513513,0.1835557745535881,1,1,34,1,3,153,18,0.0,-1.0,-1.0
560,56529195-2674-u,u,82.70565217391307,84.89881553398061,0.1328125,0.0,0.5,0.53125,0.2209496601199567,0,0,34,1,3,153,18,0.0,-1.0,-1.0
570,56087206-2666-u,u,82.01704545454547,82.01704545454547,0.0169491525423728,0.5,0.6610169491525424,0.6610169491525424,0.2534457226662686,0,0,284,1,3,476,46,0.6422934064842316,-1.0,-1.0
572,56040065-2664-u,u,87.61458333333336,87.61458333333336,0.0285714285714285,0.0,0.6285714285714286,0.6285714285714286,0.164275703458018,0,0,284,1,4,472,45,0.8764584747467858,0.0,-1.0
575,55052488-2649-u,u,46.60500000000002,100.0,0.6451612903225806,0.5,0.4193548387096774,0.4193548387096774,0.2506402059138015,3,1,107,1,9,197,46,0.0,-1.0,-1.0
585,51377151-2583-u,u,63.10363636363638,74.39580645161291,0.1052631578947368,0.0,0.4473684210526316,0.4473684210526316,0.2845904698636096,0,0,284,1,2,432,41,0.8709817675590193,-1.0,-1.0
590,49927773-2553-u,u,85.88886363636365,56.75500000000002,0.6153846153846154,0.0,0.3846153846153846,0.3846153846153846,0.3934447376823168,0,0,2342,1,6,3603,665,0.0,-1.0,-1.0
591,49463253-2537-u,u,90.09000000000002,97.7025,0.5,0.0,0.4545454545454545,0.4545454545454545,0.3131121455425747,3,1,107,1,2,178,39,0.0,-1.0,-1.0
601,47645705-2462-u,u,87.39927419354841,100.0,0.6086956521739131,0.0,0.3260869565217391,0.3260869565217391,0.079555728417573,2,1,107,1,16,134,29,0.0,0.0,-1.0
607,47259452-2445-u,u,69.18177631578948,79.75538461538463,0.1515151515151515,0.5,0.4848484848484848,0.4848484848484848,0.3721042037676254,0,0,34,0,0,122,14,0.1891464974973842,-1.0,-1.0
609,47158578-2444-u,u,74.8616666666667,88.33754901960786,0.1956521739130435,0.0,0.4347826086956521,0.4347826086956521,0.2776840538002493,0,0,93,1,7,162,16,0.6882162524276129,0.0,-1.0
612,68089309-7295-nu,nu,100.0,100.0,0.1923076923076923,0.5,0.3461538461538461,0.3461538461538461,0.3124999999999999,0,0,94,1,5,73,20,0.4549484800017944,-1.0,-1.0
619,67717397-7279-nu,nu,100.0,100.0,1.0,0.0,0.0,0.0,0.0,0,0,0,0,0,0,0,0.0,1.0,1.0
620,67719415-7279-nu,nu,100.0,100.0,0.0333333333333333,0.0,0.5,0.5,0.2138089935299394,0,0,237,1,2,221,29,0.0,-1.0,-1.0
622,67551641-7275-nu,nu,87.94500000000002,87.94500000000002,0.1666666666666666,0.0,0.1666666666666666,0.1666666666666666,0.2721655269759087,61,1,3166,1,64,1478,289,0.7132563134989169,1.0,1.0
623,67551826-7275-nu,nu,52.86500000000001,52.86500000000001,0.1,0.0,0.5,0.5,0.1825741858350553,61,1,3166,1,64,1478,289,0.7132563134989169,0.0,-1.0
625,67552369-7275-nu,nu,100.0,100.0,0.0666666666666666,0.0,0.2666666666666666,0.2666666666666666,0.1543033499620919,2,1,169,1,13,171,45,0.0,1.0,-1.0
626,68099888-7275-nu,nu,66.7871428571429,66.7871428571429,0.1428571428571428,1.0,0.7142857142857143,0.7142857142857143,0.0,0,0,169,1,1,171,45,0.0,1.0,1.0
634,66846012-7241-nu,nu,100.0,100.0,0.0526315789473684,0.0,0.631578947368421,0.631578947368421,0.0,6,1,1591,1,24,1554,296,0.0,0.0,-1.0
635,66847413-7241-nu,nu,86.24865591397851,86.24865591397851,0.0144927536231884,0.0,0.5072463768115942,0.5072463768115942,0.0976416832356179,3,1,3488,1,27,1811,308,0.0,0.0,-1.0
636,66848743-7241-nu,nu,69.31750000000001,69.31750000000001,0.0212765957446808,0.0,0.6170212765957447,0.6170212765957447,0.0912870929175276,6,1,1591,1,24,1554,296,0.0,-1.0,-1.0
647,66509896-7220-nu,nu,100.0,100.0,0.1,1.0,0.6,0.6,0.1272569525951555,0,0,60,1,11,71,18,0.0,0.0,-1.0
649,66511829-7220-nu,nu,99.23460526315787,99.23460526315787,0.0476190476190476,0.0,0.5238095238095238,0.5238095238095238,0.1904761904761904,0,0,60,1,11,71,18,0.0,1.0,1.0
654,66271913-7200-nu,nu,89.6067307692308,89.6067307692308,0.0714285714285714,0.5,0.5714285714285714,0.6428571428571429,0.196116135138184,0,0,3488,1,6,1800,305,0.0,-1.0,-1.0
659,66366292-7200-nu,nu,69.78500000000001,69.78500000000001,0.0769230769230769,1.0,0.3076923076923077,0.3076923076923077,0.372677996249965,1,1,3166,1,4,1426,282,0.5491549383806152,-1.0,-1.0
660,66367988-7200-nu,nu,66.40400000000001,80.49869565217392,0.1515151515151515,0.0,0.4545454545454545,0.4545454545454545,0.0626224291085149,20,1,3166,1,27,1426,282,0.7708581373469787,1.0,1.0
664,65716351-7187-nu,nu,55.21529411764709,55.21529411764709,0.0526315789473684,0.0,0.2105263157894736,0.2105263157894736,0.0,2,1,1591,1,15,1511,290,0.0,-1.0,1.0
668,65108016-7164-nu,nu,95.84853448275862,95.84853448275862,0.0333333333333333,0.5,0.6333333333333333,0.6333333333333333,0.1430193883868388,0,0,187,1,2,494,90,0.0,0.0,-1.0
669,65105715-7163-nu,nu,73.20000000000002,73.20000000000002,0.0384615384615384,0.0,0.2692307692307692,0.2692307692307692,0.1819017187772497,0,0,187,1,4,492,89,0.0,-1.0,-1.0
670,65101175-7162-nu,nu,58.25392857142859,58.25392857142859,0.1111111111111111,0.5,0.4444444444444444,0.4444444444444444,0.0,0,0,187,1,3,490,88,0.0,-1.0,-1.0
676,64926708-7143-nu,nu,97.025,97.025,0.25,0.0,0.25,0.25,0.0,0,0,695,0,0,307,56,0.0,-1.0,-1.0
679,64665254-7134-nu,nu,95.165,95.165,0.0909090909090909,0.0,0.3636363636363636,0.3636363636363636,0.4264014327112208,0,0,278,1,5,63,11,0.797956588679095,0.0,1.0
680,64742059-7134-nu,nu,100.0,100.0,0.1,0.0,0.4,0.4,0.0,0,0,209,1,8,206,52,0.7586142287718893,1.0,1.0
684,63925297-7089-nu,nu,75.46678571428575,77.60941176470591,0.0512820512820512,0.5,0.4615384615384615,0.4615384615384615,0.1154700538379251,0,0,695,1,4,287,50,0.0,0.0,-1.0
685,63933380-7089-nu,nu,26.94500000000002,75.29655172413794,0.3469387755102041,0.0,0.3673469387755102,0.4285714285714285,0.5052467333920879,0,0,695,1,4,287,50,0.0,0.0,-1.0
687,63902221-7087-nu,nu,86.44123188405798,86.44123188405798,0.0192307692307692,0.0,0.5576923076923077,0.5576923076923077,0.125,39,1,3488,1,42,1724,299,0.0,-1.0,-1.0
690,63607355-7069-nu,nu,74.27000000000001,75.99000000000002,0.0857142857142857,0.0,0.4571428571428571,0.4857142857142857,0.3481553119113957,0,0,339,0,0,134,42,0.0,0.0,-1.0
691,63347239-7062-nu,nu,72.07326923076926,72.07326923076926,0.0238095238095238,0.0,0.5476190476190477,0.5714285714285714,0.2258769757263128,5,1,441,1,21,132,28,0.8593432085621647,0.0,-1.0
694,63355951-7062-nu,nu,80.49869565217392,88.83428571428574,0.12,0.0,0.52,0.52,0.1632993161855452,0,0,441,1,9,132,28,0.6962309301869197,0.0,1.0
697,63390647-7059-nu,nu,89.52500000000002,89.52500000000002,0.0303030303030303,0.0,0.303030303030303,0.303030303030303,0.1616904166908886,0,0,3166,0,0,1338,272,0.0,1.0,1.0
698,63552063-7059-nu,nu,66.42336956521743,75.32035714285716,0.1142857142857142,0.5,0.4,0.4285714285714285,0.1581138830084189,0,0,187,1,9,472,79,0.0,1.0,1.0
699,63379588-7053-nu,nu,89.24500000000003,85.07411764705884,0.2608695652173913,0.0,0.4782608695652174,0.6086956521739131,0.1035098339013531,4,1,3166,1,22,1338,272,0.0,-1.0,-1.0
702,62113503-7023-nu,nu,72.99033018867925,81.63200000000002,0.1016949152542373,0.5,0.4915254237288136,0.5084745762711864,0.3575976876249205,0,0,785,1,28,1082,156,0.0,-1.0,-1.0
703,62113596-7023-nu,nu,90.1325,95.73000000000002,0.1052631578947368,0.0,0.5789473684210527,0.5789473684210527,0.1390096093713831,0,0,785,1,28,1082,156,0.0,-1.0,-1.0
704,62115698-7023-nu,nu,60.27083333333334,76.22008470353764,0.1180555555555555,0.0,0.4375,0.4444444444444444,0.1629008626039076,1,1,785,1,24,1082,156,0.0,0.0,-1.0
711,61884755-1625-nu,nu,90.09000000000002,100.0,0.4117647058823529,0.0,0.4117647058823529,0.4117647058823529,0.493435163795169,0,0,142,1,1,639,89,0.6412705314929323,0.0,1.0
712,61893042-1625-nu,nu,98.67808823529413,100.0,0.1304347826086956,0.5,0.4347826086956521,0.4347826086956521,0.1778216897897548,0,0,315,1,1,559,77,0.7160894433721886,1.0,1.0
714,59936738-1621-nu,nu,65.29590909090909,65.29590909090909,0.04,0.0,0.52,0.52,0.098058067569092,0,0,17,1,1,23,2,0.0,-1.0,-1.0
715,60442700-1621-nu,nu,73.84500000000001,73.84500000000001,0.1666666666666666,0.0,0.5,0.5,0.2041241452319315,0,0,0,1,1,29,4,0.0,1.0,1.0
718,57978361-1611-nu,nu,100.0,100.0,0.1666666666666666,0.0,0.5,0.5,0.2886751345948129,4,1,315,1,25,556,75,0.0,-1.0,-1.0
721,55394592-1595-nu,nu,75.87500000000001,70.33964285714288,0.1818181818181818,0.5,0.2727272727272727,0.2727272727272727,0.1005037815259212,3,1,19,0,0,26,3,0.0,-1.0,-1.0
723,55396595-1595-nu,nu,82.95618852459016,82.95618852459016,0.0161290322580645,0.0,0.7096774193548387,0.7258064516129032,0.0589255650988789,0,0,18,1,5,22,3,0.259924343054644,0.0,1.0
725,54161741-1585-nu,nu,74.1757142857143,78.755,0.2769230769230769,0.0,0.4,0.4,0.1946247360403807,11,1,456,1,1,967,110,1.0,0.0,1.0
726,54171728-1585-nu,nu,91.69666666666669,91.69666666666669,0.03125,0.0,0.46875,0.46875,0.0,11,1,456,1,1,967,110,1.0,0.0,-1.0
727,50195956-1553-nu,nu,82.9014285714286,82.9014285714286,0.04,0.6666666666666666,0.2,0.2,0.1296407447104328,0,0,456,1,7,962,108,0.2607392555348897,-1.0,-1.0
729,48268336-1539-nu,nu,54.18500000000003,69.78833333333336,0.2131147540983606,0.0,0.4180327868852459,0.4262295081967213,0.3236694374850748,0,0,456,1,4,955,105,0.0,1.0,1.0
736,50043006-1539-nu,nu,0.0,0.0,0.5,0.0,0.0,0.0,0.0,2,1,456,1,14,955,105,0.0,1.0,1.0
738,50044904-1539-nu,nu,87.94500000000002,87.94500000000002,0.0769230769230769,0.5,0.5384615384615384,0.5384615384615384,0.1666666666666666,5,1,456,1,11,955,105,0.0,-1.0,-1.0
743,40722368-1489-nu,nu,63.84279411764709,63.84279411764709,0.05,0.0,0.35,0.4,0.0833333333333333,1,1,111,0,0,16,3,0.952699082494256,1.0,1.0
746,39407088-1474-nu,nu,100.0,100.0,0.2,0.0,0.2,0.2,0.1154700538379251,33,1,385,1,39,1722,255,0.4738262243335576,1.0,1.0
749,37655417-1455-nu,nu,100.0,98.31540322580648,0.0571428571428571,0.0,0.5428571428571428,0.5428571428571428,0.1740776559556978,0,0,28,1,3,130,3,0.0,-1.0,-1.0
750,37656641-1455-nu,nu,83.46583333333336,83.46583333333336,0.0344827586206896,0.0,0.4137931034482758,0.4137931034482758,0.0,1,1,28,1,3,130,3,0.0,0.0,-1.0
751,37755445-1455-nu,nu,98.49736842105266,98.49736842105266,0.0526315789473684,1.0,0.7368421052631579,0.7368421052631579,0.3077935056255462,0,0,370,1,10,2149,289,0.418453802634951,-1.0,-1.0
753,37360629-1443-nu,nu,100.0,100.0,0.1666666666666666,1.0,0.8333333333333334,0.8333333333333334,0.0,0,0,315,1,4,453,54,0.5184360777979711,-1.0,-1.0
754,37020296-1442-nu,nu,100.0,100.0,1.0,0.0,0.0,0.0,0.0,36,1,511,1,68,910,98,0.8703155302324018,1.0,1.0
761,34068341-1421-nu,nu,100.0,100.0,0.0714285714285714,0.0,0.6428571428571429,0.6428571428571429,0.0,0,0,511,1,2,816,88,0.0,0.0,1.0
762,34072707-1421-nu,nu,90.95857142857145,90.95857142857145,0.1428571428571428,0.0,0.5714285714285714,0.5714285714285714,0.0,0,0,456,1,2,907,96,0.0,1.0,1.0
775,31933950-1382-nu,nu,95.4632142857143,95.4632142857143,0.0416666666666666,0.5,0.4166666666666667,0.4166666666666667,0.1796053020267749,5,1,511,1,2,726,78,0.0,1.0,1.0
776,31934059-1382-nu,nu,100.0,100.0,0.0476190476190476,0.0,0.5238095238095238,0.5238095238095238,0.1391216687280504,1,1,511,1,4,726,78,0.0,1.0,1.0
777,31767096-1376-nu,nu,36.62000000000003,36.62000000000003,1.0,0.0,0.0,0.0,0.0,6,1,456,1,45,664,76,0.4247450533996041,1.0,1.0
778,31772502-1376-nu,nu,100.0,100.0,0.1666666666666666,0.0,0.8333333333333334,0.8333333333333334,0.0,11,1,370,1,100,1813,249,0.8864769585615967,-1.0,1.0
779,31435002-1369-nu,nu,97.025,97.025,0.2,0.0,0.2,0.2,0.0,0,0,315,1,7,158,20,0.0,1.0,1.0
780,31435121-1369-nu,nu,100.0,100.0,0.2105263157894736,0.0,0.3684210526315789,0.3684210526315789,0.1617875572323585,10,1,370,1,86,1799,245,0.4260281030760912,0.0,-1.0
792,22730522-1244-nu,nu,87.1588392857143,87.1588392857143,0.0085470085470085,0.0,0.5811965811965812,0.5811965811965812,0.2132007163556104,0,0,456,1,11,401,36,0.0,1.0,1.0
795,22124723-1217-nu,nu,69.78500000000001,66.10000000000002,0.1538461538461538,0.0,0.3846153846153846,0.3846153846153846,0.039405520311955,0,0,370,1,2,1155,187,0.0,-1.0,-1.0
800,20615266-1179-nu,nu,100.0,99.4098484848485,0.2424242424242424,0.3333333333333333,0.4242424242424242,0.4545454545454545,0.3296902366978935,0,0,456,1,6,150,6,0.0,0.0,-1.0
801,20616248-1179-nu,nu,100.0,100.0,0.0,0.0,0.5,0.5,0.1012739367083666,0,0,456,1,6,150,6,0.0,1.0,1.0
805,19570932-1154-nu,nu,87.30000000000003,87.30000000000003,0.0384615384615384,1.0,0.5384615384615384,0.5384615384615384,0.1839418018454897,0,0,60,1,6,281,55,0.0,0.0,-1.0
806,19087261-1140-nu,nu,55.40350000000004,74.27000000000001,0.4375,0.5,0.375,0.375,0.2858309752375147,0,0,385,1,13,1660,241,0.0,0.0,-1.0
807,19087394-1140-nu,nu,90.95857142857145,89.6067307692308,0.1176470588235294,0.0,0.4117647058823529,0.4117647058823529,0.1622214211307625,0,0,385,1,13,1660,241,0.0,-1.0,-1.0
811,18660246-1131-nu,nu,52.14334745762713,64.66285714285716,0.2898550724637681,0.0,0.5072463768115942,0.5072463768115942,0.1682440467470144,3,1,497,1,8,805,124,0.6744295805990699,0.0,1.0
821,63041774-1742-nu,nu,68.93950000000002,67.75500000000001,0.0666666666666666,0.0,0.2333333333333333,0.2333333333333333,0.0662266178532521,0,0,641,1,1,37,13,0.0249523932745535,1.0,1.0
823,62069524-1733-nu,nu,100.0,100.0,0.1052631578947368,0.0,0.2631578947368421,0.2631578947368421,0.0,2,1,44,1,37,139,44,0.0,1.0,1.0
833,60659192-1684-nu,nu,100.0,100.0,0.125,0.0,0.5,0.5,0.0,10,1,824,1,29,1589,273,0.0,1.0,1.0
836,60489793-1673-nu,nu,100.0,100.0,0.1666666666666666,0.0,0.1666666666666666,0.1666666666666666,0.0,0,0,0,1,5,43,6,0.0,-1.0,-1.0
837,60492817-1673-nu,nu,100.0,100.0,0.1428571428571428,0.0,0.5714285714285714,0.5714285714285714,0.0,2,1,824,1,5,1578,268,0.9233784927694012,1.0,1.0
849,60417175-1668-nu,nu,0.0,0.0,0.5,0.0,0.0,0.0,0.0,10,1,824,1,26,1578,268,0.0,1.0,1.0
860,59763077-1649-nu,nu,53.655,97.025,0.6428571428571429,0.0,0.3571428571428571,0.3571428571428571,0.592999453328881,0,0,824,1,1,1546,262,0.1325825214724776,0.0,1.0
863,59766859-1649-nu,nu,31.545000000000016,31.545000000000016,0.1666666666666666,0.0,0.5,0.5,0.2041241452319315,26,1,824,1,5,1546,262,0.0,-1.0,-1.0
869,58444208-1637-nu,nu,100.0,100.0,1.0,0.0,1.0,1.0,0.0,0,0,201,1,5,389,70,0.0,1.0,1.0
892,55753949-1589-nu,nu,100.0,100.0,0.0555555555555555,0.0,0.7222222222222222,0.7222222222222222,0.1450952500220023,1,1,324,0,0,558,118,0.0,1.0,1.0
897,54899870-1588-nu,nu,100.0,100.0,0.0303030303030303,0.0,0.0909090909090909,0.0909090909090909,0.0,0,0,44,1,2,34,13,0.0,0.0,-1.0
898,54905434-1588-nu,nu,49.19282258064519,57.23363636363638,0.3720930232558139,0.0,0.2790697674418604,0.3023255813953488,0.1756820922315766,0,0,18,1,6,31,9,0.0,-1.0,-1.0
899,54905994-1588-nu,nu,100.0,100.0,0.1176470588235294,0.5,0.2941176470588235,0.2941176470588235,0.0294627825494394,0,0,18,1,3,31,9,0.0,-1.0,-1.0
904,50869875-1549-nu,nu,97.025,100.0,0.6,0.0,0.2,0.2,0.0,0,0,146,0,0,1,1,0.0,0.0,1.0
908,49511401-1531-nu,nu,80.75019230769233,92.38678571428576,0.14,0.0,0.42,0.42,0.1472642081021447,1,1,824,1,32,1468,246,0.229839055204115,0.0,1.0
917,45126489-1496-nu,nu,67.84964285714288,67.84964285714288,0.0027777777777777,0.0,0.2444444444444444,0.2555555555555555,0.2042555246271589,0,0,0,0,0,0,0,0.0,0.0,-1.0
919,43302570-1471-nu,nu,72.04500000000002,100.0,0.7916666666666666,0.0,0.2291666666666666,0.25,0.4234415091565923,0,0,10,1,2,110,7,0.0,0.0,-1.0
925,40344334-1408-nu,nu,56.25500000000002,80.09764705882354,0.6964285714285714,0.0,0.3928571428571428,0.3928571428571428,0.3079565902914373,0,0,186,1,1,478,55,0.9050154010569936,-1.0,-1.0
930,34609008-1321-nu,nu,62.79000000000002,36.62000000000003,0.3333333333333333,0.0,0.0,0.0,0.3535533905932737,0,0,188,1,2,273,69,0.5025813284617988,1.0,1.0
943,63595346-2862-nu,nu,78.58096153846155,78.58096153846155,0.024390243902439,0.0,0.4878048780487805,0.4878048780487805,0.2357022603955158,0,0,93,0,0,51,9,0.0,0.0,1.0
944,63361850-2857-nu,nu,100.0,100.0,0.0666666666666666,1.0,0.2666666666666666,0.2666666666666666,0.1054092553389459,0,0,11,0,0,24,1,0.0,0.0,1.0
946,63363897-2857-nu,nu,66.7871428571429,66.7871428571429,0.1428571428571428,0.0,0.4285714285714285,0.4285714285714285,0.0990147542976674,6,1,306,1,16,149,33,0.6653127337741476,1.0,1.0
950,62860153-2847-nu,nu,99.0,99.0,0.0526315789473684,0.0,0.4210526315789473,0.4210526315789473,0.3713906763541037,0,0,67,0,0,44,6,0.0,0.0,-1.0
961,62044714-2806-nu,nu,100.0,100.0,0.2,0.0,0.2,0.2,0.0,10,1,748,1,13,1262,232,0.0,1.0,1.0
963,61951067-2799-nu,nu,93.57977272727274,93.57977272727274,0.0833333333333333,0.0,0.5,0.6666666666666666,0.1740776559556978,2,1,67,0,0,16,5,0.0,-1.0,-1.0
968,61594362-2778-nu,nu,92.965,92.965,0.125,1.0,0.375,0.375,0.2041241452319314,4,1,428,1,7,1041,116,0.0,0.0,-1.0
970,61343162-2775-nu,nu,100.0,100.0,0.125,0.0,0.125,0.125,0.0,72,1,2342,1,200,3650,677,0.0,-1.0,-1.0
976,60795142-2757-nu,nu,100.0,100.0,0.0714285714285714,0.0,0.1428571428571428,0.1428571428571428,0.0,16,1,428,1,4,957,109,0.0,1.0,1.0
977,60466042-2755-nu,nu,100.0,100.0,0.0357142857142857,0.0,0.0357142857142857,0.0357142857142857,0.0,0,0,107,1,2,222,54,0.0,1.0,1.0
981,59456704-2732-nu,nu,100.0,100.0,0.1666666666666666,0.0,0.6666666666666666,0.6666666666666666,0.0,1,1,118,1,1,19,5,0.8963094011004109,1.0,1.0
982,59411508-2731-nu,nu,100.0,100.0,0.1666666666666666,0.0,0.6666666666666666,0.6666666666666666,0.0851256530758748,1,1,748,1,25,1089,208,0.0,0.0,1.0
984,59407529-2730-nu,nu,77.90500000000002,77.90500000000002,0.5,0.0,0.0,0.0,0.0,7,1,428,1,2,821,104,0.6195830695696501,1.0,1.0
985,59395576-2728-nu,nu,49.48000000000002,49.48000000000002,0.1666666666666666,0.0,0.1666666666666666,0.1666666666666666,0.0,1,1,428,1,2,817,102,0.8705858699332938,1.0,1.0
987,59296610-2727-nu,nu,100.0,100.0,0.3333333333333333,0.0,0.3333333333333333,0.3333333333333333,0.0,0,0,93,0,0,51,9,0.0,-1.0,-1.0
988,59438068-2727-nu,nu,100.0,100.0,1.0,0.0,0.0,0.0,0.0,0,0,119,1,1,53,15,0.0,1.0,1.0
990,58944406-2725-nu,nu,89.865,89.865,0.0256410256410256,0.0,0.5128205128205128,0.5128205128205128,0.0,1,1,748,1,1,1033,206,0.0,-1.0,-1.0
991,58945551-2725-nu,nu,78.33000000000001,78.33000000000001,0.037037037037037,0.0,0.6296296296296297,0.6296296296296297,0.0350931203171798,4,1,428,1,2,812,101,0.0,-1.0,-1.0
992,58946786-2725-nu,nu,75.93939393939395,75.93939393939395,0.0161290322580645,0.6666666666666666,0.4193548387096774,0.4193548387096774,0.1037174767056277,0,0,253,0,0,335,39,0.0,1.0,-1.0
993,58949189-2725-nu,nu,95.93928571428572,95.93928571428572,0.0666666666666666,0.0,0.5333333333333333,0.5333333333333333,0.2051956704170308,9,1,748,1,13,1033,206,0.0,-1.0,-1.0
998,58396549-2713-nu,nu,96.06202898550724,96.06202898550724,0.04,0.0,0.44,0.44,0.0,2,1,428,1,2,798,96,0.8323164735973428,-1.0,-1.0
999,58399002-2713-nu,nu,100.0,100.0,0.1666666666666666,0.0,0.5,0.5,0.0,0,0,748,1,4,1025,205,0.7597559282756079,1.0,1.0
1000,57234224-2702-nu,nu,100.0,100.0,0.25,0.0,0.0,0.0,0.0,0,0,70,1,6,100,8,0.0,1.0,1.0
1003,56997764-2694-nu,nu,92.965,92.965,0.1111111111111111,1.0,0.4444444444444444,0.4444444444444444,0.1421338109037403,6,1,748,1,43,1019,202,0.9818064119112112,-1.0,-1.0
1005,57387823-2688-nu,nu,95.165,95.165,0.1,1.0,0.6,0.6,0.0,1,1,174,1,7,300,93,0.0,0.0,-1.0
1007,56527669-2674-nu,nu,35.60500000000002,35.60500000000002,0.5,0.0,0.0,0.0,0.0,0,0,34,1,2,153,18,0.0,1.0,1.0
1008,56528543-2674-nu,nu,64.40294573643413,65.03162601626018,0.06,0.0,0.48,0.48,0.3526728079292991,0,0,34,1,2,153,18,0.0,-1.0,-1.0
1009,56531176-2674-nu,nu,64.9245454545455,64.9245454545455,0.0769230769230769,0.0,0.4615384615384615,0.4615384615384615,0.1601281538050871,0,0,93,1,2,46,4,0.4841820261350418,0.0,1.0
1011,56533194-2674-nu,nu,85.88886363636365,85.88886363636365,0.0833333333333333,0.0,0.4166666666666667,0.4166666666666667,0.1754116038614058,0,0,34,1,10,153,18,0.0,1.0,1.0
1012,56398758-2672-nu,nu,100.0,100.0,0.0666666666666666,0.5,0.3333333333333333,0.4666666666666667,0.2309401076758502,0,0,10,1,6,31,2,0.0,-1.0,-1.0
1013,56399436-2672-nu,nu,77.90500000000002,77.90500000000002,0.5,0.0,0.5,0.5,0.0,0,0,10,1,6,31,2,0.0,1.0,1.0
1017,55052317-2649-nu,nu,84.9157142857143,84.9157142857143,0.0588235294117647,0.0,0.2352941176470588,0.2352941176470588,0.140028008402801,3,1,107,1,9,197,46,0.0,1.0,1.0
1027,52519453-2604-nu,nu,100.0,75.87500000000001,0.4444444444444444,0.0,0.3333333333333333,0.4444444444444444,0.2581988897471611,0,0,107,0,0,189,42,0.0,1.0,1.0
1031,52242665-2601-nu,nu,71.24875000000003,72.04500000000002,0.1081081081081081,0.0,0.4594594594594595,0.4864864864864865,0.2525381361380527,4,1,284,1,66,463,43,1.0,0.0,-1.0
1037,50478052-2558-nu,nu,78.24500000000002,100.0,0.1666666666666666,0.0,0.3333333333333333,0.3333333333333333,0.3253956867279842,0,0,748,1,21,974,184,0.0,1.0,1.0
1055,49000637-2524-nu,nu,100.0,100.0,0.037037037037037,0.6666666666666666,0.4814814814814814,0.4814814814814814,0.0,0,0,119,0,0,38,12,0.0,-1.0,-1.0
1063,47844638-2487-nu,nu,24.129999999999995,24.129999999999995,0.0188679245283018,0.0,0.5660377358490566,0.5660377358490566,0.2139802462554564,1,1,284,1,1,129,22,0.0,-1.0,-1.0
1068,47784239-2470-nu,nu,69.31750000000001,69.31750000000001,0.0208333333333333,0.5,0.5416666666666666,0.5416666666666666,0.0,0,0,610,0,0,1326,333,0.0,-1.0,-1.0
1069,47788275-2470-nu,nu,68.08215053763442,68.08215053763442,0.0294117647058823,0.0,0.4117647058823529,0.4117647058823529,0.0,0,0,107,0,0,19,4,0.0,-1.0,-1.0
1078,47358434-2441-nu,nu,75.29655172413794,75.6864285714286,0.064516129032258,0.0,0.5161290322580645,0.5161290322580645,0.1005037815259212,0,0,93,1,2,104,15,0.89884314639822,0.0,1.0
1080,47359198-2441-nu,nu,73.54021505376345,88.5902380952381,0.1142857142857142,0.3333333333333333,0.4285714285714285,0.4285714285714285,0.2022783485156837,0,0,93,1,1,104,15,0.9386679716361956,0.0,-1.0
